Shop Name,Official Business Name,Address,Telephone,Fax,E-mail,Website
Baby-Kids-World,Baby-Kids-World GmbH,BahnhofstraÃŸe 1  99974 MÃ¼hlhausen,+493601408680,+4936014086810,info@baby-kids-world.de,http://www.baby-kids-world.de
Toy Factory Erfurt VEDES point,Toy Factory GmbH & Co Spielwaren- fachmÃ¤rkte KG - GF Michael Zapf GLN: 4260142810028,NordhÃ¤user Str. 73t  99091 Erfurt,+493616604612,+493616604614,info@toy-factory.de,http://www.toy-factory.de
Kurt Kellner,Kurt Kellner Inh. Ulrich Kellner e.K. GLN: 4399901195622,Leipziger Str. 467a  34260 Kaufungen,+495605947417,+495605947433,info@kellner-spielwelt.de,http://www.kellner-kaufungen.de
Michaels Spielzeugland,Michael Rott Michael`s Spielzeugland Weimar Atrium,Friedensstrasse 1  99423 Weimar,+4936434576286,,michael-rott65@web.de,http://www.michaelsspielzeugland.npage.de
Max SchÃ¶ssler,"Max SchÃ¶ÃŸler, Inh. Helga Brenke e.K.",SchÃ¼tzengasse 10  99423 Weimar,+493643402393,+493643402349,kontakt@spielwaren-schoessler.de,http://www.spielwaren-schoessler.de
Spielzeug Hess,Richard Hess Handels GmbH,GÃ¶penstraÃŸe 25  06526 Sangerhausen,+493464572208,+493464570541,hess-play@t-online.de,http://www.spielwaren-hess.de
Toysino - Kassel,Toysino GmbH City-Point (Fil. 7),KÃ¶nigsplatz 61  34117 Kassel,+495617016722,,Kassel@toysino.de,https://www.toysino.de
Korb-Eichel,"Korb-Eichel Spiel + Freizeit, Inh.: R.-M. Gattermann e.K.",Breite StraÃŸe 68  38855 Wernigerode,+493943632069,+493943606751,info@korb-eichel.de,https://www.korb-eichel.de
Spiel + Freizeit Breustedt,Spiel + Freizeit Breustedt Inh.: Tyark Breustedt e.K.,Charley-Jacob-StraÃŸe 7 38640 Goslar,+49532143913,+49532118028,info@vedes-goslar.de,http://www.vedes-goslar.de
Kinderparadies Meng,Kinderparadies Meng Inh. Andreas Meng,MarktstraÃŸe 3 34369 Hofgeismar,+4956713577,+4956713564,kinderparadies-meng@web.de,
Spiel + Freizeit Wackerbarth,Spielwaren Wackerbarth Inh. JÃ¶rn Wackerbarth,BrunnenstraÃŸe 53 34537 Bad Wildungen,+4956212014,+4956212220,wackerbarth-spiel@t-online.de,http://www.spielwaren-wackerbarth.de
Pecht GmbH,Pecht GmbH,Siemensstr. 4 97616 Bad Neustadt,+499771993192,+499771993222,a.giloy@pecht.de,http://www.pecht.de
Spielwaren-Schleier,Erich Schleier Inh. Ernst Schleier e.K.,Judengasse 13 96450 Coburg,+49956190242,+49956175311,Schleier-Spielwaren@arcor.de,
Toymi.eu - Tradomi GmbH,Tradomi GmbH ehem. Klotz Metallbau,Querfurter StraÃŸe 20 06217 Merseburg,+4934612592170,,service@tradomi.de,https://www.toymi.eu
Picco's Kinder- & Babywelt,Picco & Pedalo GmbH,SkagerrakstraÃŸe 23 34497 Korbach,+49563150194922,+49563150194945,picco@kettschau.de,https://www.piccoundpedalo.de/
Spiel- u. Babyland KÃ¤mmer,Spiel- und Babyland KÃ¤mmer Inh. Michael KÃ¤mmer,SchloÃŸgasse 17 35325 MÃ¼cke/Merlau,+4964008978,+4964006086,kaemmer-merlau@web.de,https://www.spielundbabyland.de/
Spielkiste in den Gera-Arcaden,Spielkiste GmbH in den Arcaden,HeinrichstraÃŸe (Gera Arcaden) 30 07545 Gera,+493658002745,+4936528050,vedes@spielkiste-gera.de,http://www.spielkiste-gera.de
Kaufhaus Schwager GmbH&Co KG,Schwager GmbH & Co. KG Schwager Mode +Sport,Detmolder StraÃŸe 8-14 32839 Steinheim,+49523395510,+495233955151,Steinheim_spielwaren@schwager.de,http://www.schwager.de
Kaufhaus Ahrens,Kaufhaus Ahrens GmbH & Co. KG,UniversitÃ¤tsstraÃŸe 14-22 35037 Marburg,+4964212980,+496421298300,spielwaren@ahrens-marburg.de,http://www.ahrens-marburg.de
Teddy Toys Kinderwelt,Teddy Toys Kinderwelt GmbH (beim Multimarkt),WerkstraÃŸe 11 31879 Hameln,+495151409614,+495151409615,hameln@teddytoyd.de,http://www.teddytoys.de
