Name of dealer,Address,Phone,Dealer website
FREE RIDE POWER SPORTS,"4405 JACKSON ROAD         ANN ARBOR, MI 48103",734-585-3300,https://www.freeridepowersports.com/polaris-orv
ROSENAU POWERSPORTS,"24732 FORD RD         DEARBORN HEIGHTS, MI 48127",313-278-5000,https://www.rosenaupowersports.net/brand-polaris-orv
BRIGHT POWER SPORTS,"4181 DIX HIGHWAY         LINCOLN PARK, MI 48146",313-382-1220,https://www.brightpowersports.com/polaris-orv
MONROE MOTORSPORTS,"1314 S TELEGRAPH RD         MONROE, MI 48161",734-241-1515,https://monroemotorsports.com/Polaris/Polaris-ORV
SPEED NATION POWERSPORTS,"56605 PONTIAC TRAIL         NEW HUDSON, MI 48165",248-446-0000,https://speednationpowersports.com/polaris-oem/All/POLARIS/
J & L MOTORSPORTS,"1790 E MONROE RD         TECUMSEH, MI 49286",517-423-9559,http://www.JANDLMOTORSPORTS.net
"C & C SPORTS, INC.","8090 WEST GRAND RIVER         BRIGHTON, MI 48114",810-227-7068,https://www.ccsport.com/polaris-orv
MOTOR CITY POWER SPORTS,"1645 S TELEGRAPH ROAD         BLOOMFIELD HILLS, MI 48302",248-858-2300,https://www.motorcitypowersports.com/Polaris-ORV
TC MOTORS INC.,"4501 PAGE AVENUE         MICHIGAN CENTER, MI 49254",517-764-3600,https://tc-powersports.tcgroupriders.com/polaris-oem/All/POLARIS/
TOWN & COUNTRY SPORTS CENTER,"18655 US 12         CEMENT CITY, MI 49233",517-547-3333,https://townandcountrypowersports.tcgroupriders.com/polaris-oem/All/
K & W CYCLES,"4090 AUBURN ROAD         UTICA, MI 48317",586-731-5959,https://www.kwcycle.com/polaris-orv
HONDA EAST,"1230 CONANT ST         MAUMEE, OH 43537",419-891-1230,"https://Polaris® Dealer near Toledo, OH | Polaris® Powersports (hondaeasttoledo.com)"
CHAPMAN'S SPORTS CENTER,"5605 DAVISON RD         LAPEER, MI 48446",810-653-0490,https://www.chapmanssports.com/brand-polaris-orv
GREENIA'S OUTDOOR POWER & SPOR,"3545 N VAN DYKE         ALMONT, MI 48003",810-798-0010,https://www.greenia.com/brand-polaris-orv
BALL EQUIPMENT,"68811 MAIN STREET         RICHMOND, MI 48062",586-430-1252,https://www.ballequip.com/polaris-orv
FULL THROTTLE MOTORSPORTS,"9555 WOODLANE DRIVE         DIMONDALE, MI 48821",517-646-9850,http://www.fullthrottlemotorsports.com
PLANET POWERSPORTS,"647 EAST CHICAGO         COLDWATER, MI 49036",517-278-5557,https://www.planet-powersports.com/polaris-orv
AMERICAN POWERSPORT.COM LLC,"4922 MILAN ROAD         SANDUSKY, OH 44870",419-625-9253,http://www.americanpowersport.com
US 27 MOTORSPORTS,"5301 N US 27         ST JOHNS, MI 48879",989-224-8874,https://www.us27motorsports.com/polaris-orv
BALL EQUIPMENT,"11901 N BEYER RD         BIRCH RUN, MI 48415",989-624-4400,#
AMERICAN POWERSPORTS LLC,"3690 SPEEDWAY DRIVE         FINDLAY, OH 45840",419-422-9253,https://www.americanpowersport.com/polaris-orv
WEISS FARM EQUIPMENT INC.,"450 N MAIN         FRANKENMUTH, MI 48734",989-652-6151,https://www.weissequipment.com/brand-polaris-orv
BALL EQUIPMENT,"600 S SANDUSKY ROAD         SANDUSKY, MI 48471",810-648-3510,http://www.ballequip.com
JOHNNY K'S POWERSPORTS,"3000 MIDWAY MALL         ELYRIA, OH 44035",216-433-9011,https://www.johnnykspowersports.com/inventory/v1/Current/Polaris
ZEIGLER POLARIS OF KALAMAZOO,"5001 PARK CIRCLE DRIVE         KALAMAZOO, MI 49048",269-381-5800,https://www.zeiglermotorsports.com/polaris-orv
{BusinessName},{Address1}         {City}{Region}{PostalCode},{Phone},#
