title,video_url,views,date_published
String Functions in MySQL | Intermediate MySQL Series,https://www.youtube.com/watch?v=KRXSJb9ql1Y,3.3K views,"30 Jan, 2024"
Unions in MySQL | Intermediate MySQL,https://www.youtube.com/watch?v=iTQW_nDp938,4.4K views,"23 Jan, 2024"
Joins in MySQL | Intermediate MySQL,https://www.youtube.com/watch?v=lXQzD09BOH0,18K views,"20 Jan, 2024"
Solving VERY HARD SQL Interview Questions on Analyst Builder,https://www.youtube.com/watch?v=KZKizyBS9YM,7K views,"13 Jan, 2024"
Solving HARD SQL Interview Questions on Analyst Builder,https://www.youtube.com/watch?v=I0_ca6iyo6w,14K views,"13 Jan, 2024"
Solving Medium SQL Interview Questions on Analyst Builder,https://www.youtube.com/watch?v=fT-8mRf_-Hk,14K views,"06 Jan, 2024"
Solving Easy SQL Interview Questions on Analyst Builder,https://www.youtube.com/watch?v=ZHaYOC0H5KE,22K views,"03 Jan, 2024"
How I Would Become a Data Analyst if I had to Start Over in 2024 | 6 Month Plan,https://www.youtube.com/watch?v=K0-8G3DgjA4,152K views,"03 Jan, 2024"
Limit + Aliasing in MySQL | MySQL Beginner Series,https://www.youtube.com/watch?v=ZnAydTqCtFU,7.5K views,"03 Jan, 2024"
Analyst Builder Full Launch! | The Learning Platform Built for Data Analysts,https://www.youtube.com/watch?v=XD1ul5fpnGI,14K views,"03 Jan, 2024"
Having vs Where in MySQL | Beginner MySQL Series,https://www.youtube.com/watch?v=dCNjUOc1cBY,7K views,"03 Jan, 2024"
Group By + Order By in MySQL | Beginner MySQL Series,https://www.youtube.com/watch?v=zgYqUP_PhQo,6.6K views,"03 Dec, 2023"
Where Clause in MySQL | Beginner MySQL Series,https://www.youtube.com/watch?v=MARn_mssG4A,7.7K views,"03 Dec, 2023"
Why Data Analysts Hate Using Excel,https://www.youtube.com/watch?v=TGAUZQJaQbQ,21K views,"03 Dec, 2023"
Select Statement in MySQL | Beginner MySQL Series,https://www.youtube.com/watch?v=HYD8KjPB9F8,16K views,"03 Dec, 2023"
Installing MySQL and Creating Databases | MySQL for Beginners,https://www.youtube.com/watch?v=wgRwITQHszU,37K views,"03 Nov, 2023"
How to Start a Data YouTube Channel,https://www.youtube.com/watch?v=QzLz-W29Tww,7.8K views,"03 Nov, 2023"
Consulting and Freelancing in Data Analytics | ATA Show: Episode 25,https://www.youtube.com/watch?v=aofB2t5o2ao,13K views,"03 Nov, 2023"
First Look at Analyst Builder! | The All-in-One Platform for Data Analysts | Beta Launch Coming Soon,https://www.youtube.com/watch?v=h4KTy2wxYcQ,31K views,"03 Nov, 2023"
"Data Analyst vs Data Engineer | Responsibilities, Salaries, Skills, Education",https://www.youtube.com/watch?v=_DGn-7134i0,32K views,"03 Oct, 2023"
AI and Analytics with SAS | SAS Explore Recap,https://www.youtube.com/watch?v=xuyKzpJ2SaY,10K views,"03 Oct, 2023"
"Data Analyst vs Data Scientist | Responsibilities, Salaries, Skills, Education",https://www.youtube.com/watch?v=bxIF9X9k2IE,39K views,"03 Oct, 2023"
"Data Analyst vs Business Analyst | Responsibilities, Salaries, Skills, Education",https://www.youtube.com/watch?v=7PoZBuIUnEU,38K views,"03 Oct, 2023"
Hard Skills vs Soft Skills in the Data World | Which is More Important?,https://www.youtube.com/watch?v=Xkb6h3YXl_c,12K views,"03 Oct, 2023"
"Entry Level vs Mid Level vs Senior Level Data Analyst | Responsibilities, Salary, Education, Skills",https://www.youtube.com/watch?v=qDprq7Xbrqw,36K views,"03 Sep, 2023"
Regular Expression Use Cases in Python,https://www.youtube.com/watch?v=_oCUSMX4_3k,6.4K views,"03 Sep, 2023"
How to Work with Recruiters on LinkedIn,https://www.youtube.com/watch?v=eON-PNPae8Y,24K views,"03 Sep, 2023"
Regular Expression Character Classes in Python,https://www.youtube.com/watch?v=9NB5u17qiDY,6.8K views,"03 Sep, 2023"
Regular Expression Metacharacters in Python,https://www.youtube.com/watch?v=j6A28L6Tmxw,4.8K views,"03 Aug, 2023"
Regular Expression Methods in Python,https://www.youtube.com/watch?v=EzeeypMKx7o,6K views,"03 Aug, 2023"
What are Hiring Managers Looking For? | Nail the Interview Process!,https://www.youtube.com/watch?v=OISvlkfbntY,19K views,"03 Aug, 2023"
Scraping Data from a Real Website | Web Scraping in Python,https://www.youtube.com/watch?v=8dTpNajxaH0,201K views,"03 Aug, 2023"
Find and Find_All | Web Scraping in Python,https://www.youtube.com/watch?v=xjA1HjvmoMY,27K views,"03 Aug, 2023"
BeautifulSoup + Requests | Web Scraping in Python,https://www.youtube.com/watch?v=bargNl2WeN4,54K views,"03 Jul, 2023"
Inspecting Web Pages with HTML | Web Scraping in Python,https://www.youtube.com/watch?v=q-kbzWjyPak,32K views,"03 Jul, 2023"
Best Places to Find Datasets for Your Projects,https://www.youtube.com/watch?v=PExdWWcxmro,49K views,"03 Jul, 2023"
Exploratory Data Analysis in Pandas | Python Pandas Tutorials,https://www.youtube.com/watch?v=Liv6eeb1VfE,73K views,"03 Jul, 2023"
What is Microsoft Fabric? | New Data Analytics Platform!,https://www.youtube.com/watch?v=5l2d_Rv0odE,158K views,"03 Jun, 2023"
Data Cleaning in Pandas | Python Pandas Tutorials,https://www.youtube.com/watch?v=bDhvCp3_lYw,171K views,"03 Jun, 2023"
State of AI in Analytics | Will AI be the End of Data Analysts?,https://www.youtube.com/watch?v=FpgkpjSyBOw,44K views,"03 Jun, 2023"
Google Bard Got An Upgrade! + Google's New AI Announcements!,https://www.youtube.com/watch?v=6jtS3Hz19kc,33K views,"03 Jun, 2023"
Creating Visualizations using Pandas Library | Python Pandas Tutorials,https://www.youtube.com/watch?v=JpSMse3eVVg,34K views,"03 Jun, 2023"
Merging DataFrames in Pandas | Python Pandas Tutorials,https://www.youtube.com/watch?v=TPivN7tpdwc,47K views,"03 May, 2023"
How to Integrate ChatGPT in Jupyter Notebooks for Free!,https://www.youtube.com/watch?v=2izXQUoXyjA,44K views,"03 May, 2023"
Google Business Intelligence Professional Certification Review,https://www.youtube.com/watch?v=PJINexERxOs,35K views,"03 May, 2023"
Google Advanced Data Analytics Professional Certificate First Look | Is it Worth it?,https://www.youtube.com/watch?v=gTf2GLEhKgA,135K views,"03 May, 2023"
Group By and Aggregate Functions in Pandas | Python Pandas Tutorials,https://www.youtube.com/watch?v=VRmXto2YA2I,37K views,"03 May, 2023"
Top 5 Biggest Mistakes Beginner Data Analysts Make,https://www.youtube.com/watch?v=6yNsc7JVPJE,37K views,"03 Apr, 2023"
Indexes in Pandas | Python Pandas Tutorials,https://www.youtube.com/watch?v=mBCG9J1TVTc,27K views,"03 Apr, 2023"
Create the Perfect Data Analyst Resume | Free Templates!,https://www.youtube.com/watch?v=WizLaDdsHUs,123K views,"03 Apr, 2023"
Filtering Columns and Rows in Pandas | Python Pandas Tutorials,https://www.youtube.com/watch?v=kB7FV-ijdqE,42K views,"03 Apr, 2023"
Reading in Files in Pandas | Python Pandas Tutorials,https://www.youtube.com/watch?v=dUpyC40cF6Q,80K views,"03 Mar, 2023"
Building an Automated File Sorter in File Explorer using Python | Python Projects for Beginners,https://www.youtube.com/watch?v=gs0FNQR0njI,36K views,"03 Mar, 2023"
ChatGPT for Data Analysts | Best Use Cases + Analyzing a Dataset,https://www.youtube.com/watch?v=C75TROiiEa0,435K views,"03 Mar, 2023"
FREE Data Analyst Bootcamp!!,https://www.youtube.com/watch?v=rGx1QNdYzvs,798K views,"03 Mar, 2023"
How to Become a Data Analyst in 2023 (Completely FREE!),https://www.youtube.com/watch?v=CUBfrdDwznQ,913K views,"03 Feb, 2023"
DIY Data Analyst Curriculum using Udemy (Under $75),https://www.youtube.com/watch?v=S76iS03nGis,34K views,"03 Feb, 2023"
Reviewing Maven Analytics Free Portfolio Website,https://www.youtube.com/watch?v=RBEgsEVO3T8,21K views,"03 Feb, 2023"
DIY Data Analyst Curriculum using Coursera in 2023,https://www.youtube.com/watch?v=DXwFsxCtukg,58K views,"03 Feb, 2023"
Building a BMI Calculator with Python | Python Projects for Beginners,https://www.youtube.com/watch?v=ey1VNjU0YbM,47K views,"03 Feb, 2023"
"Reading, Writing, and Appending Files in Python | Python for Beginners",https://www.youtube.com/watch?v=0MKcCHrTo0c,5.9K views,"03 Feb, 2023"
Why I Quit my 125k Analytics Job,https://www.youtube.com/watch?v=bVJfQAe-UP4,154K views,"03 Feb, 2023"
Converting Data Types in Python | Python for Beginners,https://www.youtube.com/watch?v=B63bN2cLVLM,25K views,"03 Feb, 2023"
Functions in Python | Python for Beginners,https://www.youtube.com/watch?v=zvzjaqMBEso,32K views,"03 Feb, 2023"
While Loops in Python | Python for Beginners,https://www.youtube.com/watch?v=ECduJk00mUU,29K views,"03 Feb, 2023"
For Loops in Python | Python for Beginners,https://www.youtube.com/watch?v=zmIdC0_0BgY,32K views,"03 Feb, 2023"
If Else Statements in Python | Python for Beginners,https://www.youtube.com/watch?v=-BOBedcjySI,28K views,"03 Feb, 2023"
"Comparison, Logical, and Membership Operators in Python | Python for Beginners",https://www.youtube.com/watch?v=lPVke-p4S7s,30K views,"03 Feb, 2023"
Data Types in Python | Python for Beginners,https://www.youtube.com/watch?v=ppsCxnNm-JI,61K views,"03 Feb, 2023"
Variables in Python | Python for Beginners,https://www.youtube.com/watch?v=pHOH7UfOhbE,64K views,"03 Feb, 2023"
Installing Jupyter Notebooks/Anaconda | Python for Beginners,https://www.youtube.com/watch?v=WUeBzT43JyY,204K views,"03 Feb, 2023"
Interviewing Tina Huang | Fellow YouTuber and Data Enthusiast,https://www.youtube.com/watch?v=DVs9u15htXU,9.2K views,"03 Feb, 2023"
Interviewing Luke Barousse | Arch-Nemesis and Fellow YouTuber,https://www.youtube.com/watch?v=zW3qJUeJLWc,7.1K views,"03 Feb, 2023"
When Best Friends Work Together (ft. Luke Barousse),https://www.youtube.com/watch?v=m1AkWK_ODLM,15K views,"03 Feb, 2023"
Full Power BI Guided Project | Microsoft Power BI for Beginners,https://www.youtube.com/watch?v=pixlHHe_lNQ,281K views,"03 Feb, 2023"
Popular Visualizations in Power BI | Microsoft Power BI for Beginners,https://www.youtube.com/watch?v=3NV5Jtbhfcw,58K views,"03 Feb, 2023"
"Guided Portfolio Projects on Coursera | Python, SQL, Excel, Power BI, and Tableau",https://www.youtube.com/watch?v=1cfrQLoJMPI,52K views,"03 Feb, 2023"
How to use Bins and Lists in Power BI | Microsoft Power BI for Beginners,https://www.youtube.com/watch?v=9j_EBt3RNrs,55K views,"03 Feb, 2023"
How to use Conditional Formatting in Power BI | Microsoft Power BI for Beginners,https://www.youtube.com/watch?v=m0h3Ghl6mgY,85K views,"03 Feb, 2023"
Interviewing Ken Jee | The Face of Data Science on YouTube,https://www.youtube.com/watch?v=tRCGGlMI19M,6.9K views,"03 Feb, 2023"
CareerFoundry Data Analytics Bootcamp Review | Bootcamp + Intro + Free Course Review,https://www.youtube.com/watch?v=0QZBnhofU_U,23K views,"03 Feb, 2023"
How to use Drill Down in Power BI | Microsoft Power BI for Beginners,https://www.youtube.com/watch?v=ulFY20KTzFQ,106K views,"03 Feb, 2023"
"Best Courses for Alternative Analyst Jobs | Marketing Analyst, Business Analyst, Financial Analyst",https://www.youtube.com/watch?v=PEc29sRZoTM,18K views,"03 Feb, 2023"
How to use DAX in Power BI | Microsoft Power BI for Beginners,https://www.youtube.com/watch?v=vcijg0gUXSg,108K views,"03 Feb, 2023"
Tech Layoffs and Hiring Freezes | The Great Resignation | Alex The Analyst Show | Episode 23,https://www.youtube.com/watch?v=gCg47n_TlFc,21K views,"03 Feb, 2023"
How to Create and Manage Relationships in Power BI | Microsoft Power BI for Beginners,https://www.youtube.com/watch?v=sW5LoDA1ssM,128K views,"03 Feb, 2023"
Machine Learning Specialization on Coursera | Review,https://www.youtube.com/watch?v=4nsdARJGzJ0,22K views,"03 Feb, 2023"
Meta Marketing Analytics Professional Certificate on Coursera | Review,https://www.youtube.com/watch?v=_QvQxm4dptI,31K views,"03 Feb, 2023"
Google's Secret Hiring Platform | Found in the Google Data Analytics Certification,https://www.youtube.com/watch?v=HX2TabgkzHo,45K views,"03 Feb, 2023"
How to use Power Query in Power BI | Microsoft Power BI for Beginners,https://www.youtube.com/watch?v=gP-AxNi6uxo,183K views,"03 Feb, 2023"
Automating Crypto Website API Pull Using Python | Data Analyst Project,https://www.youtube.com/watch?v=KB2CtEDrglY,48K views,"03 Feb, 2023"
How to use a Public API | Using a Public API with Python,https://www.youtube.com/watch?v=2HfSFdPEFRg,28K views,"03 Feb, 2023"
How to Install Power BI | Building First Visualization | Microsoft Power BI for Beginners,https://www.youtube.com/watch?v=g0m5sEHPU-s,263K views,"03 Feb, 2023"
MySQL vs Postgresql vs Microsoft SQL Server Management Tools | Which Option is Best?,https://www.youtube.com/watch?v=Q7i6zxHVj2Q,114K views,"03 Feb, 2023"
Top 3 Tips to Stop Procrastinating to be Successful,https://www.youtube.com/watch?v=ddn-2r1j_OU,33K views,"03 Feb, 2023"
SQL vs NoSQL | What's the Difference?,https://www.youtube.com/watch?v=Pf-9pjJK1e0,55K views,"03 Feb, 2023"
Database vs Data Warehouse vs Data Lake | What is the Difference?,https://www.youtube.com/watch?v=-bSkREem8dM,595K views,"03 Feb, 2023"
How I Manage My Time Working 60+ Hours Per Week | Alex The Analyst Show | Episode 22,https://www.youtube.com/watch?v=xKdtP3IZbnU,11K views,"03 Feb, 2023"
Things I HATE About Being a Data Analyst,https://www.youtube.com/watch?v=2JnlQ8jwWbE,34K views,"03 Feb, 2023"
Best Website to Practice Technical Interview Questions,https://www.youtube.com/watch?v=hNTNZ00cZig,17K views,"03 Feb, 2023"
Pros and Cons of Working Remote | Alex The Analyst Show | Episode 21,https://www.youtube.com/watch?v=gz2j5NBESSs,7K views,"03 Feb, 2023"
Full Project in Excel | Excel Tutorials for Beginners,https://www.youtube.com/watch?v=opJgMj1IUrc,595K views,"03 Feb, 2023"
Top 5 Non-Technical Skills for Data Analysts,https://www.youtube.com/watch?v=yRWkSKRYCaI,21K views,"03 Feb, 2023"
Cleaning Data in Excel | Excel Tutorials for Beginners,https://www.youtube.com/watch?v=_jmiEGZ6PIY,390K views,"03 Feb, 2023"
Tableau Data Analyst Certification Review,https://www.youtube.com/watch?v=4A8LV6fObYA,58K views,"03 Feb, 2023"
Job Title Alternatives for Data Analysts,https://www.youtube.com/watch?v=MPENhkuSo0Q,25K views,"03 Feb, 2023"
Best Coursera Courses for Data Analysts in 2022,https://www.youtube.com/watch?v=3irO29PJQHs,108K views,"03 Feb, 2023"
Understanding Your Data Analyst Salary Offer | What To Know Before Accepting,https://www.youtube.com/watch?v=uHJFJUIYNAo,20K views,"03 Feb, 2022"
Charts in Excel | Excel Tutorials for Beginners,https://www.youtube.com/watch?v=gMAHXrty6wI,88K views,"03 Feb, 2022"
How I became a Data Analytics Manager | Alex The Analyst Show | Episode 20,https://www.youtube.com/watch?v=BIUFr9srS78,22K views,"03 Feb, 2022"
Conditional Formatting in Excel | Excel Tutorials for Beginners,https://www.youtube.com/watch?v=_eZRkmRfVTM,122K views,"03 Feb, 2022"
How To Become A Data Analyst In 2022,https://www.youtube.com/watch?v=yDG5KiiOZcQ,496K views,"03 Feb, 2022"
XLOOKUP in Excel | Excel Tutorials for Beginners,https://www.youtube.com/watch?v=Z7hPEwCzk2s,144K views,"03 Feb, 2022"
Formulas in Excel | Excel Tutorials for Beginners,https://www.youtube.com/watch?v=XRPyj7cKVsQ,234K views,"03 Feb, 2022"
Pivot Tables in Excel | Excel Tutorials for Beginners,https://www.youtube.com/watch?v=lH7HfwUFnYA,468K views,"03 Feb, 2022"
Full Beginner Project in Tableau | Tableau Tutorials for Beginners,https://www.youtube.com/watch?v=zOR0-nygfDE,209K views,"03 Feb, 2022"
How to use Joins in Tableau | Tableau Tutorials for Beginners,https://www.youtube.com/watch?v=A4SVUF-fTwc,95K views,"03 Feb, 2022"
Top 5 Major Red Flags in Job Descriptions,https://www.youtube.com/watch?v=FnTunxd8tAM,18K views,"03 Feb, 2022"
Truth About My Job (Song) - As a Data Analyst,https://www.youtube.com/watch?v=-_z_aphWSEo,10K views,"03 Feb, 2022"
How to Grow Your Analytics Career | Alteryx Webinar Oct 2021 | Tips to Break Into Analytics,https://www.youtube.com/watch?v=pL0jEjeM5hI,11K views,"03 Feb, 2022"
Choosing a Domain to Make More Money,https://www.youtube.com/watch?v=eg_5EAUXs5o,18K views,"03 Feb, 2022"
How to Create Visualizations in Tableau | Tableau Tutorials for Beginners,https://www.youtube.com/watch?v=ebjDwX8sUMk,127K views,"03 Feb, 2022"
How to use Calculated Fields and Bins in Tableau | Tableau Tutorials for Beginners,https://www.youtube.com/watch?v=f6qxxtWkaUg,162K views,"03 Feb, 2022"
How to Install Tableau and Create First Visualization | Tableau Tutorials for Beginners,https://www.youtube.com/watch?v=6xv1KvCMF1Q,532K views,"03 Feb, 2022"
How NOT to Become a Data Analyst (Funny?),https://www.youtube.com/watch?v=465x3JmMJYU,17K views,"03 Feb, 2022"
100k Subscriber Play Button Unboxing,https://www.youtube.com/watch?v=Ns1ZpTxQnUE,2.6K views,"03 Feb, 2022"
Amazon Web Scraping Using Python | Data Analyst Portfolio Project,https://www.youtube.com/watch?v=HiOtQMcI5wg,218K views,"03 Feb, 2022"
Interviewing with PwC for a Senior Data Analyst Position,https://www.youtube.com/watch?v=CUa30M_FPhk,87K views,"03 Feb, 2022"
I Am No Longer a Data Analyst | Turning Down PwC | New Job,https://www.youtube.com/watch?v=_zxPx1PQCqI,143K views,"03 Feb, 2022"
When To Start Applying To Your First Data Analyst Job,https://www.youtube.com/watch?v=UGF49YZZRNc,71K views,"03 Feb, 2022"
Why You Need to Stop Taking Courses (From an Ex-Course Addict),https://www.youtube.com/watch?v=aLp-6C-p-T0,130K views,"03 Feb, 2022"
How to Create a Portfolio Website for FREE,https://www.youtube.com/watch?v=ocdwh0KYeUs,446K views,"03 Feb, 2022"
Data Analyst Portfolio Project | Correlation in Python | Project 4/4,https://www.youtube.com/watch?v=iPYVYBtUTyE,144K views,"03 Feb, 2022"
How To Get a Data Analyst Job (with No Experience),https://www.youtube.com/watch?v=dMHWOhgzUhU,449K views,"03 Feb, 2022"
My Wife Answers Subscribers Questions About Me | Alex The Analyst Show | Episode 19,https://www.youtube.com/watch?v=A-LkxegXFX8,6.2K views,"03 Feb, 2022"
Favorite Tableau and Power BI Courses on Udemy,https://www.youtube.com/watch?v=RJw-GSXXguA,29K views,"03 Feb, 2022"
Data Analyst Portfolio Project | Data Cleaning in SQL | Project 3/4,https://www.youtube.com/watch?v=8rO7ztF4NtU,355K views,"03 Feb, 2022"
Data Analyst Portfolio Project | Tableau Visualization | Project 2/4,https://www.youtube.com/watch?v=QILNlRvJlfQ,329K views,"03 Feb, 2022"
Asking My Family What I Do For a Living,https://www.youtube.com/watch?v=SVv0WwPzaUg,3.7K views,"03 Feb, 2022"
Data Analyst Portfolio Project | SQL Data Exploration | Project 1/4,https://www.youtube.com/watch?v=qfyynHBFOsM,1.6M views,"03 Feb, 2022"
Advanced SQL Tutorial | Subqueries,https://www.youtube.com/watch?v=m1KcNV-Zhmc,304K views,"03 Feb, 2022"
Data Analyst Q/A #6 | Why Am I Not a Data Scientist?,https://www.youtube.com/watch?v=IZRe0nwkuXc,22K views,"03 Feb, 2022"
Google vs IBM Data Analytics Certificates | Which is Better?,https://www.youtube.com/watch?v=9RRQtNnq3s0,310K views,"03 Feb, 2022"
Data Analyst Reacts: How to Go From Data Analyst to Data Scientist,https://www.youtube.com/watch?v=qewHAdfzLOw,25K views,"03 Feb, 2022"
Laptops for Data Analysts |  Specifications + Recommendations,https://www.youtube.com/watch?v=bHssBHfHWmU,166K views,"03 Feb, 2022"
Best Machine Learning Courses on Coursera,https://www.youtube.com/watch?v=A4OVjWeVb10,49K views,"03 Feb, 2022"
Will Data Analysts Be Automated? | Alex The Analyst | Episode 18,https://www.youtube.com/watch?v=SIseim20_Dc,16K views,"03 Feb, 2022"
Advanced SQL Tutorial | Stored Procedures + Use Cases,https://www.youtube.com/watch?v=NrBJmtD0kEw,327K views,"03 Feb, 2022"
Google Data Analytics Professional Certificate | It's Finally Here!,https://www.youtube.com/watch?v=wnapnTAMj68,355K views,"03 Feb, 2022"
Google Data Analytics Certificate | Coming Out Soon!,https://www.youtube.com/watch?v=duMcYRtQITA,51K views,"03 Feb, 2022"
Reviewing Your Data Analyst Resumes | Part 2,https://www.youtube.com/watch?v=QG1fo7LFesA,21K views,"03 Feb, 2022"
Best Course to Learn Statistics for Data Analysis,https://www.youtube.com/watch?v=pYRG5X7110M,87K views,"03 Feb, 2022"
DataQuest Review | Is it Worth it?,https://www.youtube.com/watch?v=NViKsiGP4TY,22K views,"03 Feb, 2022"
R vs Python | Which is Better for Data Analysis?,https://www.youtube.com/watch?v=1gdKC5O0Pwc,209K views,"03 Feb, 2022"
Advanced SQL Tutorial | String Functions + Use Cases,https://www.youtube.com/watch?v=GQj6_6V_jVA,144K views,"03 Feb, 2022"
Advanced SQL Tutorial | Temp Tables,https://www.youtube.com/watch?v=RF0LE3hYFrI,209K views,"03 Feb, 2021"
IBM Data Analyst Professional Certificate by Coursera | Is it Worth it?,https://www.youtube.com/watch?v=eFDbE5Yunj0,108K views,"03 Feb, 2021"
DataCamp Review | Is it Worth it?,https://www.youtube.com/watch?v=D9bNctNnAig,155K views,"03 Feb, 2021"
Best Python Course for Data Analysts,https://www.youtube.com/watch?v=VsztBAEtC7c,48K views,"03 Feb, 2021"
Top 5 Data Analyst Skills,https://www.youtube.com/watch?v=T3KMZoXrVTQ,26K views,"03 Feb, 2021"
Best Industries for Data Analysts in 2021 | Alex The Analyst Show | Episode 17,https://www.youtube.com/watch?v=tJaDicmRW7s,14K views,"03 Feb, 2021"
Top 5 Data Analyst Interview Mistakes,https://www.youtube.com/watch?v=hfRcaRw_atI,62K views,"03 Feb, 2021"
2020 Year End Review + Upcoming Giveaway Details,https://www.youtube.com/watch?v=aPDOGxrONy0,1.5K views,"03 Feb, 2021"
Data Analyst Resume | Everything You Need to Know | Alex The Analyst Show | Episode 16,https://www.youtube.com/watch?v=w25ZjL0OqT4,40K views,"03 Feb, 2021"
Solving Medium Level SQL LeetCode Questions | Part 2/3,https://www.youtube.com/watch?v=EWPeAXrF3zg,10K views,"03 Feb, 2021"
Entry vs Mid vs Senior Level Data Analyst | Alex The Analyst Show | Episode 15,https://www.youtube.com/watch?v=ru0Xdvxd37Q,45K views,"03 Feb, 2021"
Data Engineer vs Data Analyst | Which Is Right For You?,https://www.youtube.com/watch?v=BAVPAYWAoC4,78K views,"03 Feb, 2021"
How to Find Out Your Coworkers Salary | Alex The Analyst Show | Episode 14,https://www.youtube.com/watch?v=whgwEwA5SHU,2.6K views,"03 Feb, 2021"
Advanced SQL Tutorial | CTE (Common Table Expression),https://www.youtube.com/watch?v=K1WeoKxLZ5o,278K views,"03 Feb, 2021"
"Data Analyst Salary (Expectations, Bonuses, 401K, ESPP) | Alex The Analyst Show | Episode 13",https://www.youtube.com/watch?v=0HRgbb1PcDQ,22K views,"03 Feb, 2021"
Intermediate SQL Tutorial | Partition By,https://www.youtube.com/watch?v=D6XNlTfglW4,221K views,"03 Feb, 2021"
Completely REALISTIC Jobs on LinkedIn | Alex The Analyst Show | Episode 12,https://www.youtube.com/watch?v=JikLVP9DkPs,24K views,"03 Feb, 2021"
Completely Unrealistic Jobs on LinkedIn | Alex The Analyst Show | Episode 11,https://www.youtube.com/watch?v=yzqpYs7dIqY,14K views,"03 Feb, 2021"
Top 3 Tips on Using LinkedIn to Land a Job,https://www.youtube.com/watch?v=7uH7_DThtX0,247K views,"03 Feb, 2021"
What is No Code Analytics? | Alex The Analyst Show | Episode 10,https://www.youtube.com/watch?v=GGLF2jLo8J4,3.7K views,"03 Feb, 2021"
Solving LeetCode SQL Interview Questions | Part 1/3,https://www.youtube.com/watch?v=BGBXnNvWdQ4,23K views,"03 Feb, 2021"
What is Analytics Consulting? With John Ariansen | Alex The Analyst Show | Episode 9,https://www.youtube.com/watch?v=PurMLMKNX0I,12K views,"03 Feb, 2021"
Data Analyst Skills Path | What Skills You NEED to Know,https://www.youtube.com/watch?v=pvxNYyJuiqA,75K views,"03 Feb, 2021"
Asking My Wife Your Questions About Me | Alex The Analyst Show | Episode 8,https://www.youtube.com/watch?v=brxnKIy6Cek,13K views,"03 Feb, 2021"
Top 10 Udemy Courses for Data Analysts,https://www.youtube.com/watch?v=ySq0cgkZiX4,147K views,"03 Feb, 2021"
Data Analyst Certifications | Are They Worth It? | Alex The Analyst Show | Episode 7,https://www.youtube.com/watch?v=aJ9Q10v8Nrc,177K views,"03 Feb, 2021"
Working at a Startup vs Fortune 500 Company | Alex The Analyst Show | Episode 6,https://www.youtube.com/watch?v=C2ik_qR5GOU,4.5K views,"03 Feb, 2021"
Top 10 Coursera Courses for Data Analysts,https://www.youtube.com/watch?v=mLUzFXPPa4I,103K views,"03 Feb, 2021"
Imposter Syndrome in Tech | Alex The Analyst Show | Episode 5,https://www.youtube.com/watch?v=XmFhpoS6Etk,7.1K views,"03 Feb, 2021"
Data Analyst Expectations vs Reality,https://www.youtube.com/watch?v=1xT68oeQTd0,75K views,"03 Feb, 2021"
Covid and the Data Analyst Job Market | Alex The Analyst Show | Episode 4,https://www.youtube.com/watch?v=eTsHJoMmhYQ,7.1K views,"03 Feb, 2021"
Self Taught vs Boot Camp vs Degree | Alex The Analyst Show | Episode 3,https://www.youtube.com/watch?v=8SolrjsGqzE,44K views,"03 Feb, 2021"
Top 5 Reasons You'll Be a Good Data Analyst,https://www.youtube.com/watch?v=SKsjWzzz4mY,14K views,"03 Feb, 2021"
How I Changed Careers to Become a Data Analyst | Alex The Analyst Show | Episode 2,https://www.youtube.com/watch?v=Z2AachB309o,413K views,"03 Feb, 2021"
Top 5 Reasons Data Analytics is a Good Career Choice,https://www.youtube.com/watch?v=_gP-DH0iZLw,44K views,"03 Feb, 2021"
The Hiring Process from an Interviewer's Perspective | Alex The Analyst Show | Episode 1,https://www.youtube.com/watch?v=-Inc1be4zSg,19K views,"03 Feb, 2021"
Top 5 Reasons Not to Lie on Your Resume,https://www.youtube.com/watch?v=CsMh7Ykmnw4,11K views,"03 Feb, 2021"
Data Analyst Career Path | How to Become a Data Analyst + What to Do Next,https://www.youtube.com/watch?v=5MZo2RoS8Yo,129K views,"03 Feb, 2021"
Top 5 Reasons Not to Become a Data Analyst,https://www.youtube.com/watch?v=M2ySRYpo9S0,916K views,"03 Feb, 2021"
Data Analyst Bootcamps | Are They Worth It?,https://www.youtube.com/watch?v=ncXgqGePvwI,32K views,"03 Feb, 2021"
What Does a Data Analyst Actually Do?,https://www.youtube.com/watch?v=ywZXpfdqg1o,868K views,"03 Feb, 2021"
Data Analyst Question and Answer | Answering Your YouTube Questions,https://www.youtube.com/watch?v=IqQCBytyATo,4.2K views,"03 Feb, 2021"
Scraping Data Off Twitter Using Python | Twitterscraper + NLP + Data Visualization,https://www.youtube.com/watch?v=MpIi4HtCiVk,53K views,"03 Feb, 2021"
Data Analyst vs Business Analyst | Which Is Right For You?,https://www.youtube.com/watch?v=G4syHs3M82E,735K views,"03 Feb, 2021"
Best Free Online Courses for Data Analysts,https://www.youtube.com/watch?v=appOFpF2pFg,56K views,"03 Feb, 2021"
Best Online Courses for Data Analysts,https://www.youtube.com/watch?v=B2SPC3Wz1R8,179K views,"03 Feb, 2021"
Data Scientist vs Data Analyst | Which Is Right For You?,https://www.youtube.com/watch?v=fUpChfNN5Uo,760K views,"03 Feb, 2021"
Intermediate SQL Tutorial | Aliasing,https://www.youtube.com/watch?v=Dk7he_yEs4U,121K views,"03 Feb, 2021"
Data Analyst Interviews | Salary Negotiation,https://www.youtube.com/watch?v=ziurEoqEcO4,24K views,"03 Feb, 2021"
Data Analyst Interview Questions | What To Say vs What NOT To Say,https://www.youtube.com/watch?v=rLKC--8UYSw,67K views,"03 Feb, 2021"
SQL Interview Questions and Answers for Beginners | Data Analyst Interview Questions,https://www.youtube.com/watch?v=sua7xKN0cPc,113K views,"03 Feb, 2021"
Data Analyst Interview Questions | Phone + In-Person Interview Questions,https://www.youtube.com/watch?v=fweZQqB0nwQ,75K views,"03 Feb, 2021"
Day in the Life of a Data Analyst | Fortune 500 Edition (During Quarantine),https://www.youtube.com/watch?v=oXAwKZWfbW0,15K views,"03 Feb, 2021"
Intermediate SQL Tutorial | Updating/Deleting Data,https://www.youtube.com/watch?v=bhnrIforc7s,125K views,"03 Feb, 2021"
Intermediate SQL Tutorial | Having Clause,https://www.youtube.com/watch?v=tYBOMw7Ob8E,145K views,"03 Feb, 2021"
Intermediate SQL Tutorial | Case Statement | Use Cases,https://www.youtube.com/watch?v=Twusw__OzA8,244K views,"03 Feb, 2021"
Intermediate SQL Tutorial | Unions | Union Operator,https://www.youtube.com/watch?v=lYKkro6rKm0,214K views,"03 Feb, 2021"
Intermediate SQL Tutorial | Inner/Outer Joins | Use Cases,https://www.youtube.com/watch?v=9URM1_2S0ho,433K views,"03 Feb, 2021"
Day in the Life of a Data Analyst | Fortune 500 Edition,https://www.youtube.com/watch?v=qzZU6LAtIig,124K views,"03 Feb, 2021"
SQL Basics Tutorial For Beginners | Group By + Order By Statements | 4/4,https://www.youtube.com/watch?v=LXwfzIRD-Ds,275K views,"03 Feb, 2021"
SQL Basics Tutorial For Beginners | Where Statement | 3/4,https://www.youtube.com/watch?v=A9TOuDZTPDU,291K views,"03 Feb, 2021"
SQL Basics Tutorial For Beginners | Select + From Statements | 2/4,https://www.youtube.com/watch?v=PyYgERKq25I,423K views,"03 Feb, 2021"
SQL Basics Tutorial For Beginners | Installing SQL Server Management Studio and Create Tables | 1/4,https://www.youtube.com/watch?v=RSlqWnP-Dy8,1.1M views,"03 Feb, 2021"
Data Analyst Fact Check |  84k Average Starting Salary?? | The Career Force 2020 Data Analyst Salary,https://www.youtube.com/watch?v=9o9loJpG-t4,25K views,"03 Feb, 2021"
Data Analyst Resume | Reviewing YOUR Data Analyst Resumes!,https://www.youtube.com/watch?v=Lacbh0VoT3g,24K views,"03 Feb, 2021"
Data Analyst Salary in 2020,https://www.youtube.com/watch?v=oZKs2xMbXQE,8K views,"03 Feb, 2021"
Working With a Recruiter to Land Your First Job as a Data Analyst | LinkedIn Recruiters,https://www.youtube.com/watch?v=N8f7NtDpbxA,13K views,"03 Feb, 2021"
Switching Careers to Become a Data Analyst | How I Made the Switch,https://www.youtube.com/watch?v=wcKzdRVsMOw,48K views,"03 Feb, 2021"
Data Analyst Resume | Complete Guide To Creating A Data Analyst Resume | Tips + Templates + Examples,https://www.youtube.com/watch?v=Ns-8Jsa3mEM,115K views,"03 Feb, 2021"
Data Analyst Resume | Reviewing My Resume! | Fortune 500 Data Analyst,https://www.youtube.com/watch?v=4rfr6A3lO-Y,67K views,"03 Feb, 2020"
Working at a Big Company Vs Small Company | Told by a Fortune 500 Data Analyst,https://www.youtube.com/watch?v=OTq2NRy_AGs,14K views,"03 Feb, 2020"
Data Analyst Salary | 100k with No Experience,https://www.youtube.com/watch?v=ya28cb3zFGE,62K views,"03 Feb, 2020"
Truth About Big Companies | Told by a Fortune 500 Data Analyst,https://www.youtube.com/watch?v=Hsi2BG0SOiQ,8.3K views,"03 Feb, 2020"
Top 3 Data Analyst Skills in 2020,https://www.youtube.com/watch?v=6lQzbk6_OTw,28K views,"03 Feb, 2020"
